{"cameraMode":{"drawMode":0,"name":"Shaded","section":"Shading Mode"},"sceneLighting":false,"audioPlay":false,"sceneViewState":{"showFog":true,"showMaterialUpdate":false,"showSkybox":true,"showFlares":true,"showImageEffects":true,"showParticleSystems":true},"in2DMode":false,"pivot":{"x":5.091212272644043,"y":19.849071502685548,"z":21.93911361694336},"rotation":{"x":0.06077020615339279,"y":0.9333675503730774,"z":-0.29828014969825747,"w":0.19016064703464509},"size":22.0,"orthographic":false}