{"cameraMode":{"drawMode":0,"name":"Shaded","section":"Shading Mode"},"sceneLighting":false,"audioPlay":false,"sceneViewState":{"showFog":true,"showMaterialUpdate":false,"showSkybox":true,"showFlares":true,"showImageEffects":true,"showParticleSystems":true},"in2DMode":false,"pivot":{"x":1.9017424583435059,"y":0.8722553253173828,"z":4.649594306945801},"rotation":{"x":0.006376997567713261,"y":0.9849666357040405,"z":-0.037269476801157,"w":0.16855597496032716},"size":4.041658401489258,"orthographic":false}