{"cameraMode":{"drawMode":0,"name":"Shaded","section":"Shading Mode"},"sceneLighting":false,"audioPlay":false,"sceneViewState":{"showFog":true,"showMaterialUpdate":false,"showSkybox":true,"showFlares":true,"showImageEffects":true,"showParticleSystems":true},"in2DMode":false,"pivot":{"x":3.59915828704834,"y":0.8921061158180237,"z":-6.760477066040039},"rotation":{"x":-0.0003897304704878479,"y":0.9664350152015686,"z":-0.256906658411026,"w":-0.0014626933261752129},"size":4.778054714202881,"orthographic":false}